{"size": 64, "rx_pkts": 1717064164, "tx_thr": 49.907907037834185, "rx_thr": 49.90789161931793, "theoretical_app": 49.23076923076923, "frame_size": 110, "theoretical_frame": 84.61538461538461, "frame_rx_thr": 85.77918872070269}