{"size": 64, "rx_pkts": 6960000000, "tx_thr": 49.90789229524421, "rx_thr": 49.907888386711896, "theoretical_app": 49.23076923076923, "frame_size": 110, "theoretical_frame": 84.61538461538461, "frame_rx_thr": 85.77918316466108}