{"size": 64, "rx_pkts": 1740000000, "tx_thr": 49.907942452419086, "rx_thr": 49.907926837281735, "theoretical_app": 49.23076923076923, "frame_size": 110, "theoretical_frame": 84.61538461538461, "frame_rx_thr": 85.77924925157798}