{"size": 64, "rx_pkts": 1720333516, "tx_thr": 49.907928006990225, "rx_thr": 49.90791257331485, "theoretical_app": 49.23076923076923, "frame_size": 110, "theoretical_frame": 84.61538461538461, "frame_rx_thr": 85.7792247353849}