{"size": 64, "rx_pkts": 6522573495, "tx_thr": 49.907909118106815, "rx_thr": 46.771261459403334, "theoretical_app": 49.23076923076923, "frame_size": 110, "theoretical_frame": 84.61538461538461, "frame_rx_thr": 80.38810563334948}