{"size": 128, "rx_pkts": 829683365, "tx_thr": 60.211201103872014, "rx_thr": 37.28082818241105, "theoretical_app": 65.97938144329896, "frame_size": 174, "theoretical_frame": 89.69072164948454, "frame_rx_thr": 50.67862581046502}