{"size": 128, "rx_pkts": 6806685349, "tx_thr": 60.211201103872014, "rx_thr": 58.88486965225805, "theoretical_app": 65.97938144329896, "frame_size": 174, "theoretical_frame": 89.69072164948454, "frame_rx_thr": 80.04661968353828}