{"size": 128, "rx_pkts": 3669923133, "tx_thr": 60.211201103872014, "rx_thr": 32.57202989542468, "theoretical_app": 65.97938144329896, "frame_size": 174, "theoretical_frame": 89.69072164948454, "frame_rx_thr": 44.27760313909292}