{"size": 128, "rx_pkts": 4999957140, "tx_thr": 60.211201103872014, "rx_thr": 43.2548013725237, "theoretical_app": 65.97938144329896, "frame_size": 174, "theoretical_frame": 89.69072164948454, "frame_rx_thr": 58.799495615774404}